yearID,teamID,name,W,L,world_series_winner,win_pct,run_diff_per_game,runs_per_game,ops,home_runs_per_game,stolen_bases_per_game,era,whip
2005,SLN,St. Louis Cardinals,100,62,0,0.6172839506172839,1.0555555555555556,4.969135802469136,0.761867650909635,1.0493827160493827,0.5123456790123457,3.49,1.2741526400737837
2005,CHA,Chicago White Sox,99,63,1,0.6111111111111112,0.5925925925925926,4.574074074074074,0.7472408064586809,1.2345679012345678,0.845679012345679,3.61,1.2543483171447933
2005,BOS,Boston Red Sox,95,67,0,0.5864197530864198,0.6481481481481481,5.617283950617284,0.8112038181960117,1.228395061728395,0.2777777777777778,4.74,1.3925822253324003
2005,LAA,Los Angeles Angels of Anaheim,95,67,0,0.5864197530864198,0.7283950617283951,4.697530864197531,0.7339181704917166,0.9074074074074074,0.9938271604938271,3.68,1.2715684042795357
2005,NYA,New York Yankees,95,67,0,0.5864197530864198,0.5987654320987654,5.469135802469136,0.8045699996274842,1.4135802469135803,0.5185185185185185,4.52,1.368592730661696
2005,ATL,Atlanta Braves,90,72,0,0.5555555555555556,0.5864197530864198,4.746913580246914,0.767622683120802,1.1358024691358024,0.5679012345679012,3.98,1.3902101131378435
2005,HOU,Houston Astros,89,73,0,0.5460122699386503,0.5153374233128835,4.251533742331288,0.7303460406983167,0.9877300613496932,0.7055214723926381,3.51,1.2307692307692308
2005,SDN,San Diego Padres,82,80,0,0.5061728395061729,-0.25925925925925924,4.222222222222222,0.7244304949690823,0.8024691358024691,0.6111111111111112,4.13,1.343334860284013
2006,NYA,New York Yankees,97,65,0,0.5987654320987654,1.0061728395061729,5.7407407407407405,0.8240503649558795,1.2962962962962963,0.8580246913580247,4.41,1.3569614407758024
2006,NYN,New York Mets,97,65,0,0.5987654320987654,0.6358024691358025,5.148148148148148,0.7795303249704987,1.2345679012345678,0.9012345679012346,4.14,1.3200273722627738
2006,MIN,Minnesota Twins,96,66,0,0.5925925925925926,0.7283950617283951,4.944444444444445,0.7714676004103516,0.8827160493827161,0.6234567901234568,3.95,1.2825382121352478
2006,DET,Detroit Tigers,95,67,0,0.5864197530864198,0.9074074074074074,5.074074074074074,0.7773824949317627,1.2530864197530864,0.37037037037037035,3.84,1.3183701657458564
2006,OAK,Oakland Athletics,93,69,0,0.5740740740740741,0.2716049382716049,4.7592592592592595,0.7519496628691003,1.0802469135802468,0.3765432098765432,4.21,1.4149253731343283
2006,LAN,Los Angeles Dodgers,88,74,0,0.5432098765432098,0.42592592592592593,5.061728395061729,0.7807737544892478,0.9444444444444444,0.7901234567901234,4.23,1.3805067336224608
2006,SDN,San Diego Padres,88,74,0,0.5432098765432098,0.32098765432098764,4.512345679012346,0.7486902734631593,0.9938271604938271,0.7592592592592593,3.87,1.265998633568663
2006,SLN,St. Louis Cardinals,83,78,1,0.515527950310559,0.11801242236024845,4.850931677018633,0.7687070137625407,1.1428571428571428,0.36645962732919257,4.54,1.384238750291443
2007,BOS,Boston Red Sox,96,66,1,0.5925925925925926,1.2962962962962963,5.351851851851852,0.8056962936779126,1.0246913580246915,0.5925925925925926,3.87,1.273401297497683
2007,CLE,Cleveland Indians,96,66,0,0.5925925925925926,0.6604938271604939,5.006172839506172,0.7710114180471349,1.0987654320987654,0.4444444444444444,4.05,1.318824065633546
2007,LAA,Los Angeles Angels of Anaheim,94,68,0,0.5802469135802469,0.5617283950617284,5.074074074074074,0.7618086615987799,0.7592592592592593,0.8580246913580247,4.23,1.3637630662020905
2007,NYA,New York Yankees,94,68,0,0.5802469135802469,1.1790123456790123,5.9753086419753085,0.8289114898298733,1.2407407407407407,0.7592592592592593,4.49,1.431066176470588
2007,ARI,Arizona Diamondbacks,90,72,0,0.5555555555555556,-0.12345679012345678,4.395061728395062,0.7336916745502959,1.0555555555555556,0.6728395061728395,4.13,1.3823733518390007
2007,COL,Colorado Rockies,90,73,0,0.5521472392638037,0.6257668711656442,5.276073619631902,0.7913712603332469,1.049079754601227,0.6134969325153374,4.32,1.359375
2007,PHI,Philadelphia Phillies,89,73,0,0.5493827160493827,0.4382716049382716,5.506172839506172,0.8117137511272298,1.3148148148148149,0.8518518518518519,4.73,1.4489142857142858
2007,CHN,Chicago Cubs,85,77,0,0.5246913580246914,0.38271604938271603,4.6419753086419755,0.75438169134226,0.9320987654320988,0.5308641975308642,4.04,1.3223502304147465
2008,LAA,Los Angeles Angels of Anaheim,100,62,0,0.6172839506172839,0.41975308641975306,4.722222222222222,0.7425562078474308,0.9814814814814815,0.7962962962962963,3.99,1.3174092788240699
2008,CHN,Chicago Cubs,97,64,0,0.6024844720496895,1.1428571428571428,5.3105590062111805,0.7970833494286074,1.1428571428571428,0.5403726708074534,3.87,1.2938878676470587
2008,TBA,Tampa Bay Rays,97,65,0,0.5987654320987654,0.6358024691358025,4.777777777777778,0.7623946618620188,1.1111111111111112,0.8765432098765432,3.82,1.2863023096272581
2008,BOS,Boston Red Sox,95,67,0,0.5864197530864198,0.9320987654320988,5.216049382716049,0.8051438306038223,1.0679012345679013,0.7407407407407407,4.01,1.3254206038257663
2008,PHI,Philadelphia Phillies,92,70,1,0.5679012345679012,0.7345679012345679,4.932098765432099,0.769979926137693,1.3209876543209877,0.8395061728395061,3.88,1.363761784318234
2008,MIL,Milwaukee Brewers,90,72,0,0.5555555555555556,0.3765432098765432,4.62962962962963,0.7565550484185386,1.2222222222222223,0.6666666666666666,3.85,1.3347836043050147
2008,CHA,Chicago White Sox,89,74,0,0.5460122699386503,0.5030674846625767,4.975460122699387,0.7797644372480985,1.4417177914110428,0.4110429447852761,4.06,1.3247198719414588
2008,LAN,Los Angeles Dodgers,84,78,0,0.5185185185185185,0.32098765432098764,4.320987654320987,0.7316087033039442,0.845679012345679,0.7777777777777778,3.68,1.285812989405804
2009,NYA,New York Yankees,103,59,1,0.6358024691358025,1.0,5.648148148148148,0.8393137077800199,1.5061728395061729,0.6851851851851852,4.26,1.3517241379310345
2009,LAA,Los Angeles Angels of Anaheim,97,65,0,0.5987654320987654,0.7530864197530864,5.450617283950617,0.7915278084079279,1.0679012345679013,0.9135802469135802,4.45,1.4089965397923876
2009,BOS,Boston Red Sox,95,67,0,0.5864197530864198,0.8395061728395061,5.382716049382716,0.8056376000620171,1.308641975308642,0.7777777777777778,4.35,1.4088167053364269
2009,LAN,Los Angeles Dodgers,95,67,0,0.5864197530864198,1.0432098765432098,4.814814814814815,0.7575205982721,0.8950617283950617,0.7160493827160493,3.41,1.2549773755656108
2009,PHI,Philadelphia Phillies,93,69,0,0.5740740740740741,0.6851851851851852,5.061728395061729,0.781010463390801,1.382716049382716,0.7345679012345679,4.16,1.3519578658117701
2009,COL,Colorado Rockies,92,70,0,0.5679012345679012,0.5493827160493827,4.962962962962963,0.7835992243680412,1.1728395061728396,0.654320987654321,4.22,1.3592120509849364
2009,SLN,St. Louis Cardinals,91,71,0,0.5617283950617284,0.5555555555555556,4.506172839506172,0.7471351305765693,0.9876543209876543,0.46296296296296297,3.66,1.295927811198519
2009,MIN,Minnesota Twins,87,76,0,0.5337423312883436,0.31901840490797545,5.012269938650307,0.7735891311515717,1.0552147239263803,0.5214723926380368,4.5,1.381968341362698
2010,PHI,Philadelphia Phillies,97,65,0,0.5987654320987654,0.8148148148148148,4.765432098765432,0.7453661398395796,1.0246913580246915,0.6666666666666666,3.67,1.2483405813687343
2010,TBA,Tampa Bay Rays,96,66,0,0.5925925925925926,0.9444444444444444,4.950617283950617,0.7358666657806072,0.9876543209876543,1.0617283950617284,3.78,1.2554459986241686
2010,NYA,New York Yankees,95,67,0,0.5864197530864198,1.0246913580246915,5.302469135802469,0.7857885809125418,1.2407407407407407,0.6358024691358025,4.06,1.3096833834065174
2010,MIN,Minnesota Twins,94,68,0,0.5802469135802469,0.6790123456790124,4.820987654320987,0.7622458255013834,0.8765432098765432,0.41975308641975306,3.95,1.291418081688848
2010,SFN,San Francisco Giants,92,70,1,0.5679012345679012,0.7037037037037037,4.302469135802469,0.729479671619955,1.0,0.3395061728395062,3.36,1.271047227926078
2010,ATL,Atlanta Braves,91,71,0,0.5617283950617284,0.6728395061728395,4.555555555555555,0.7398726539608391,0.8580246913580247,0.3888888888888889,3.56,1.2721167207040298
2010,CIN,Cincinnati Reds,91,71,0,0.5617283950617284,0.6481481481481481,4.8765432098765435,0.7743992709665357,1.1604938271604939,0.5740740740740741,4.01,1.3269098417068135
2010,TEX,Texas Rangers,90,72,0,0.5555555555555556,0.6172839506172839,4.8580246913580245,0.7570015551038879,1.0,0.7592592592592593,3.93,1.309665597801191
2011,PHI,Philadelphia Phillies,102,60,0,0.6296296296296297,1.1358024691358024,4.401234567901234,0.7172958062885761,0.9444444444444444,0.5925925925925926,3.02,1.167230873392011
2011,NYA,New York Yankees,97,65,0,0.5987654320987654,1.2962962962962963,5.351851851851852,0.7875638551054892,1.3703703703703705,0.9074074074074074,3.73,1.3234285714285714
2011,MIL,Milwaukee Brewers,96,66,0,0.5925925925925926,0.5123456790123457,4.450617283950617,0.7499880004322281,1.1419753086419753,0.5802469135802469,3.63,1.2402312138728322
2011,TEX,Texas Rangers,96,66,0,0.5925925925925926,1.0987654320987654,5.277777777777778,0.7995766749829837,1.2962962962962963,0.8827160493827161,3.79,1.240518038852914
2011,DET,Detroit Tigers,95,67,0,0.5864197530864198,0.4691358024691358,4.8580246913580245,0.7733298535115833,1.0432098765432098,0.30246913580246915,4.04,1.3180555555555555
2011,ARI,Arizona Diamondbacks,94,68,0,0.5802469135802469,0.42592592592592593,4.512345679012346,0.7355697873823897,1.0617283950617284,0.8209876543209876,3.8,1.2859122401847576
2011,TBA,Tampa Bay Rays,91,71,0,0.5617283950617284,0.5740740740740741,4.364197530864198,0.7241494425281443,1.0617283950617284,0.9567901234567902,3.58,1.2194616977225672
2011,SLN,St. Louis Cardinals,90,72,1,0.5555555555555556,0.43209876543209874,4.703703703703703,0.7658393445956879,1.0,0.35185185185185186,3.74,1.3057455540355678
2012,WAS,Washington Nationals,98,64,0,0.6049382716049383,0.845679012345679,4.512345679012346,0.7497566317505271,1.1975308641975309,0.6481481481481481,3.33,1.2211123723041999
2012,CIN,Cincinnati Reds,97,65,0,0.5987654320987654,0.5,4.12962962962963,0.7259192046037424,1.0617283950617284,0.5370370370370371,3.34,1.227116311080523
2012,NYA,New York Yankees,95,67,0,0.5864197530864198,0.8395061728395061,4.962962962962963,0.7900491696059424,1.5123456790123457,0.5740740740740741,3.84,1.2675276752767528
2012,ATL,Atlanta Braves,94,68,0,0.5802469135802469,0.6172839506172839,4.320987654320987,0.7089531459657687,0.9197530864197531,0.6234567901234568,3.42,1.2273985239852399
2012,OAK,Oakland Athletics,94,68,0,0.5802469135802469,0.6111111111111112,4.401234567901234,0.7139211923556084,1.2037037037037037,0.7530864197530864,3.48,1.239455782312925
2012,SFN,San Francisco Giants,94,68,1,0.5802469135802469,0.42592592592592593,4.432098765432099,0.7240782380658725,0.6358024691358025,0.7283950617283951,3.68,1.2749827705031014
2012,BAL,Baltimore Orioles,93,69,0,0.5740740740740741,0.043209876543209874,4.395061728395062,0.7283608407391734,1.3209876543209877,0.35802469135802467,3.9,1.2906271072151045
2012,TEX,Texas Rangers,93,69,0,0.5740740740740741,0.6234567901234568,4.987654320987654,0.7795780630791584,1.2345679012345678,0.5617283950617284,3.99,1.2649098474341194
2012,DET,Detroit Tigers,88,74,0,0.5432098765432098,0.345679012345679,4.481481481481482,0.7569274836637135,1.0061728395061729,0.36419753086419754,3.75,1.2910065237651445
2012,SLN,St. Louis Cardinals,88,74,0,0.5432098765432098,0.7222222222222222,4.722222222222222,0.7585664994373857,0.9814814814814815,0.5617283950617284,3.71,1.2689152233363719
2013,BOS,Boston Red Sox,97,65,1,0.5987654320987654,1.2160493827160495,5.265432098765432,0.7953445639605626,1.0987654320987654,0.7592592592592593,3.79,1.299862448418157
2013,SLN,St. Louis Cardinals,97,65,0,0.5987654320987654,1.154320987654321,4.833333333333333,0.7332361109704058,0.7716049382716049,0.2777777777777778,3.42,1.2448047499429093
2013,ATL,Atlanta Braves,96,66,0,0.5925925925925926,0.8641975308641975,4.246913580246914,0.7230224088816114,1.117283950617284,0.3950617283950617,3.18,1.196276717995863
2013,OAK,Oakland Athletics,96,66,0,0.5925925925925926,0.8765432098765432,4.734567901234568,0.745364587254377,1.1481481481481481,0.4567901234567901,3.56,1.2169421487603307
2013,PIT,Pittsburgh Pirates,94,68,0,0.5802469135802469,0.35185185185185186,3.9135802469135803,0.7093226764306508,0.9938271604938271,0.5802469135802469,3.26,1.2334542157751587
2013,DET,Detroit Tigers,93,69,0,0.5740740740740741,1.0617283950617284,4.91358024691358,0.7803227891404672,1.0864197530864197,0.21604938271604937,3.61,1.2518231540565177
2013,CLE,Cleveland Indians,92,70,0,0.5679012345679012,0.5123456790123457,4.598765432098766,0.7365846804710057,1.0555555555555556,0.7222222222222222,3.82,1.3272432932469935
2013,LAN,Los Angeles Dodgers,92,70,0,0.5679012345679012,0.41358024691358025,4.006172839506172,0.7223717862431014,0.8518518518518519,0.48148148148148145,3.25,1.2279935646977707
2013,TBA,Tampa Bay Rays,92,71,0,0.5644171779141104,0.3312883435582822,4.294478527607362,0.736773130722546,1.0122699386503067,0.44785276073619634,3.74,1.2274590163934427
2013,CIN,Cincinnati Reds,90,72,0,0.5555555555555556,0.6728395061728395,4.308641975308642,0.7180622650929355,0.9567901234567902,0.41358024691358025,3.38,1.1732639674281835
2014,LAA,Los Angeles Angels of Anaheim,98,64,0,0.6049382716049383,0.8827160493827161,4.771604938271605,0.7281986064207242,0.9567901234567902,0.5,3.58,1.2214478417266186
2014,BAL,Baltimore Orioles,96,66,0,0.5925925925925926,0.691358024691358,4.351851851851852,0.7335046244798084,1.3024691358024691,0.2716049382716049,3.43,1.2413321167883213
2014,WAS,Washington Nationals,96,66,0,0.5925925925925926,0.808641975308642,4.234567901234568,0.7139865716793421,0.9382716049382716,0.6234567901234568,3.03,1.1579782411604713
2014,LAN,Los Angeles Dodgers,94,68,0,0.5802469135802469,0.6234567901234568,4.432098765432099,0.7382800600858469,0.8271604938271605,0.8518518518518519,3.4,1.206417842512517
2014,DET,Detroit Tigers,90,72,0,0.5555555555555556,0.32098765432098764,4.672839506172839,0.7569615325566512,0.9567901234567902,0.654320987654321,4.01,1.3321870701513068
2014,SLN,St. Louis Cardinals,90,72,0,0.5555555555555556,0.09876543209876543,3.8209876543209877,0.6893079595237661,0.6481481481481481,0.35185185185185186,3.5,1.2363092498849517
2014,KCA,Kansas City Royals,89,73,0,0.5493827160493827,0.16666666666666666,4.018518518518518,0.6895413983664398,0.5864197530864198,0.9444444444444444,3.51,1.2587316176470587
2014,OAK,Oakland Athletics,88,74,0,0.5432098765432098,0.9691358024691358,4.5,0.7003240980295471,0.9012345679012346,0.5123456790123457,3.22,1.1446469248291573
2014,PIT,Pittsburgh Pirates,88,74,0,0.5432098765432098,0.3148148148148148,4.209876543209877,0.734156723155213,0.9629629629629629,0.6419753086419753,3.47,1.263447013046464
2014,SFN,San Francisco Giants,88,74,1,0.5432098765432098,0.3148148148148148,4.104938271604938,0.6988535439322894,0.8148148148148148,0.345679012345679,3.5,1.1690821256038648
2015,SLN,St. Louis Cardinals,100,62,0,0.6172839506172839,0.7530864197530864,3.993827160493827,0.7155090128915532,0.845679012345679,0.42592592592592593,2.94,1.253527537551206
2015,PIT,Pittsburgh Pirates,98,64,0,0.6049382716049383,0.6234567901234568,4.302469135802469,0.7190355359940075,0.8641975308641975,0.6049382716049383,3.21,1.238532110091743
2015,CHN,Chicago Cubs,97,65,0,0.5987654320987654,0.5,4.253086419753086,0.7194940247019483,1.0555555555555556,0.5864197530864198,3.36,1.1516879562043796
2015,KCA,Kansas City Royals,95,67,1,0.5864197530864198,0.5123456790123457,4.469135802469136,0.7339664643003024,0.8580246913580247,0.6419753086419753,3.73,1.2816804407713498
2015,TOR,Toronto Blue Jays,93,69,0,0.5740740740740741,1.3641975308641976,5.5,0.7966989815330435,1.4320987654320987,0.5432098765432098,3.8,1.2144344205412907
2015,LAN,Los Angeles Dodgers,92,70,0,0.5679012345679012,0.4444444444444444,4.117283950617284,0.7387290275177667,1.154320987654321,0.36419753086419754,3.44,1.184228729536546
2015,NYN,New York Mets,90,72,0,0.5555555555555556,0.43209876543209874,4.216049382716049,0.7118922775741062,1.0925925925925926,0.3148148148148148,3.43,1.178669097538742
2015,TEX,Texas Rangers,88,74,0,0.5432098765432098,0.1111111111111111,4.635802469135802,0.7385504204658864,1.0617283950617284,0.6234567901234568,4.24,1.3634473197781884
2015,NYA,New York Yankees,87,75,0,0.5370370370370371,0.4074074074074074,4.716049382716049,0.7437328926073719,1.308641975308642,0.3888888888888889,4.03,1.2965927281042762
2015,HOU,Houston Astros,86,76,0,0.5308641975308642,0.6851851851851852,4.5,0.7517154532269857,1.4197530864197532,0.7469135802469136,3.57,1.2012491325468424
2016,CHN,Chicago Cubs,103,58,1,0.6358024691358025,1.5555555555555556,4.987654320987654,0.7721272705785286,1.228395061728395,0.4074074074074074,3.15,1.1098424297784881
2016,TEX,Texas Rangers,95,67,0,0.5864197530864198,0.04938271604938271,4.722222222222222,0.7548317459087077,1.3271604938271604,0.6111111111111112,4.37,1.3686763686763688
2016,WAS,Washington Nationals,95,67,0,0.5864197530864198,0.9320987654320988,4.709876543209877,0.7513974701576112,1.2530864197530864,0.7469135802469136,3.51,1.1920529801324502
2016,CLE,Cleveland Indians,94,67,0,0.5838509316770186,0.6273291925465838,4.826086956521739,0.7586467324217568,1.1490683229813665,0.8322981366459627,3.84,1.2394463667820068
2016,BOS,Boston Red Sox,93,69,0,0.5740740740740741,1.1358024691358024,5.419753086419753,0.8096385276177174,1.2839506172839505,0.5123456790123457,4.0,1.2725167862931233
2016,LAN,Los Angeles Dodgers,91,71,0,0.5617283950617284,0.5370370370370371,4.4753086419753085,0.7284445427315622,1.1666666666666667,0.2777777777777778,3.7,1.1906400550584997
2016,BAL,Baltimore Orioles,89,73,0,0.5493827160493827,0.17901234567901234,4.592592592592593,0.7603671462603239,1.5617283950617284,0.11728395061728394,4.22,1.363826815642458
2016,TOR,Toronto Blue Jays,89,73,0,0.5493827160493827,0.5740740740740741,4.685185185185185,0.7553274486588908,1.3641975308641976,0.3333333333333333,3.78,1.234125171311101
2016,NYN,New York Mets,87,75,0,0.5370370370370371,0.3333333333333333,4.1419753086419755,0.7325657315155665,1.345679012345679,0.25925925925925924,3.57,1.2688320663441603
2016,SFN,San Francisco Giants,87,75,0,0.5370370370370371,0.5185185185185185,4.41358024691358,0.7275012719340976,0.8024691358024691,0.4876543209876543,3.65,1.2141063684090392
2017,LAN,Los Angeles Dodgers,104,58,0,0.6419753086419753,1.1728395061728396,4.753086419753086,0.7712302365038511,1.3641975308641976,0.47530864197530864,3.38,1.154591601292109
2017,CLE,Cleveland Indians,102,60,0,0.6296296296296297,1.5679012345679013,5.049382716049383,0.7879305946736304,1.308641975308642,0.5432098765432098,3.3,1.1612679315131882
2017,HOU,Houston Astros,101,61,1,0.6234567901234568,1.2098765432098766,5.530864197530864,0.8233561546566736,1.4691358024691359,0.6049382716049383,4.12,1.2697095435684647
2017,WAS,Washington Nationals,97,65,0,0.5987654320987654,0.9074074074074074,5.055555555555555,0.7815056763738932,1.3271604938271604,0.6666666666666666,3.88,1.2407834101382489
2017,ARI,Arizona Diamondbacks,93,69,0,0.5740740740740741,0.9444444444444444,5.012345679012346,0.7741043299596682,1.3580246913580247,0.6358024691358025,3.66,1.2664816099930605
2017,BOS,Boston Red Sox,93,69,0,0.5740740740740741,0.7222222222222222,4.845679012345679,0.736033213318249,1.037037037037037,0.654320987654321,3.7,1.2473577692826625
2017,CHN,Chicago Cubs,92,70,0,0.5679012345679012,0.7839506172839507,5.074074074074074,0.775160321989338,1.376543209876543,0.38271604938271603,3.95,1.27683095347766
2017,NYA,New York Yankees,91,71,0,0.5617283950617284,1.2222222222222223,5.296296296296297,0.7850964783414411,1.4876543209876543,0.5555555555555556,3.72,1.209387942936033
2017,COL,Colorado Rockies,87,75,0,0.5370370370370371,0.41358024691358025,5.08641975308642,0.7813534107645583,1.1851851851851851,0.36419753086419754,4.51,1.3807094829584976
2017,MIN,Minnesota Twins,85,77,0,0.5246913580246914,0.16666666666666666,5.030864197530864,0.7677690376284043,1.271604938271605,0.5864197530864198,4.59,1.371866295264624
2018,BOS,Boston Red Sox,108,54,1,0.6666666666666666,1.4135802469135803,5.407407407407407,0.7923349253329081,1.2839506172839505,0.7716049382716049,3.75,1.2456581352833638
2018,HOU,Houston Astros,103,59,0,0.6358024691358025,1.623456790123457,4.919753086419753,0.7544670968335433,1.2654320987654322,0.4382716049382716,3.11,1.0989690721649485
2018,NYA,New York Yankees,100,62,0,0.6172839506172839,1.123456790123457,5.253086419753086,0.7806765622875453,1.6481481481481481,0.3888888888888889,3.78,1.239414053559167
2018,OAK,Oakland Athletics,97,65,0,0.5987654320987654,0.8580246913580247,5.018518518518518,0.7644788536303826,1.4012345679012346,0.21604938271604937,3.81,1.2124175574255174
2018,MIL,Milwaukee Brewers,96,67,0,0.588957055214724,0.5828220858895705,4.625766871165644,0.7469918345664683,1.3374233128834356,0.7607361963190185,3.73,1.2402464065708418
2018,CHN,Chicago Cubs,95,68,0,0.5828220858895705,0.7116564417177914,4.668711656441718,0.7435592738449026,1.0245398773006136,0.4049079754601227,3.65,1.3147437344773087
2018,LAN,Los Angeles Dodgers,92,71,0,0.5644171779141104,1.1901840490797546,4.932515337423313,0.7743202197772485,1.4417177914110428,0.4601226993865031,3.38,1.1524390243902438
2018,CLE,Cleveland Indians,91,71,0,0.5617283950617284,1.0493827160493827,5.049382716049383,0.7660555536323381,1.3333333333333333,0.8333333333333334,3.77,1.2049405306495884
2018,COL,Colorado Rockies,91,72,0,0.558282208588957,0.2147239263803681,4.785276073619632,0.7573343855817496,1.2883435582822085,0.5828220858895705,4.33,1.3103052559100299
2018,ATL,Atlanta Braves,90,72,0,0.5555555555555556,0.6296296296296297,4.685185185185185,0.7415021171266051,1.0802469135802468,0.5555555555555556,3.75,1.2844393592677346
2019,HOU,Houston Astros,107,55,0,0.6604938271604939,1.728395061728395,5.679012345679013,0.8479095685171043,1.7777777777777777,0.41358024691358025,3.66,1.1303852290859357
2019,LAN,Los Angeles Dodgers,106,56,0,0.654320987654321,1.6851851851851851,5.469135802469136,0.8096717903211101,1.7222222222222223,0.35185185185185186,3.37,1.101913765275536
2019,NYA,New York Yankees,103,59,0,0.6358024691358025,1.2592592592592593,5.820987654320987,0.8285068776605455,1.8888888888888888,0.3395061728395062,4.31,1.3035343035343034
2019,MIN,Minnesota Twins,101,61,0,0.6234567901234568,1.1419753086419753,5.796296296296297,0.8315821048807327,1.8950617283950617,0.1728395061728395,4.18,1.3038724373576311
2019,ATL,Atlanta Braves,97,65,0,0.5987654320987654,0.691358024691358,5.277777777777778,0.7886262364032905,1.537037037037037,0.5493827160493827,4.19,1.3573069852941175
2019,OAK,Oakland Athletics,97,65,0,0.5987654320987654,1.0185185185185186,5.216049382716049,0.7755124187813669,1.5864197530864197,0.30246913580246915,3.97,1.2416382252559728
2019,TBA,Tampa Bay Rays,96,66,0,0.5925925925925926,0.6975308641975309,4.746913580246914,0.7565513145259388,1.3395061728395061,0.5802469135802469,3.65,1.1713768935111915
2019,WAS,Washington Nationals,93,69,1,0.5740740740740741,0.9197530864197531,5.388888888888889,0.7961577960792935,1.4259259259259258,0.7160493827160493,4.27,1.2901806391848079
2019,SLN,St. Louis Cardinals,91,71,0,0.5617283950617284,0.6296296296296297,4.716049382716049,0.7368774498971914,1.2962962962962963,0.7160493827160493,3.8,1.2666204986149585
2019,MIL,Milwaukee Brewers,89,73,0,0.5493827160493827,0.018518518518518517,4.746913580246914,0.7673771510845003,1.5432098765432098,0.6234567901234568,4.4,1.325262677021471
2020,LAN,Los Angeles Dodgers,43,17,1,0.7166666666666667,2.2666666666666666,5.816666666666666,0.8206627094001742,1.9666666666666666,0.48333333333333334,3.02,1.056311881188119
2020,TBA,Tampa Bay Rays,40,20,0,0.6666666666666666,1.0,4.816666666666666,0.7526862327769688,1.3333333333333333,0.8,3.56,1.2185723310170564
2020,SDN,San Diego Padres,37,23,0,0.6166666666666667,1.4,5.416666666666667,0.7982494325425205,1.5833333333333333,0.9166666666666666,3.86,1.2030749519538757
2020,MIN,Minnesota Twins,36,24,0,0.6,0.9,4.483333333333333,0.7427929454644954,1.5166666666666666,0.23333333333333334,3.58,1.2038961038961038
2020,OAK,Oakland Athletics,36,24,0,0.6,0.7,4.566666666666666,0.7177361922657812,1.1833333333333333,0.43333333333333335,3.77,1.2341526520051747
2020,ATL,Atlanta Braves,35,25,0,0.5833333333333334,1.0,5.8,0.8317672905731635,1.7166666666666666,0.38333333333333336,4.41,1.361729179910998
2020,CHA,Chicago White Sox,35,25,0,0.5833333333333334,1.0,5.1,0.7790202447520822,1.6,0.3333333333333333,3.81,1.2618595825426946
2020,CLE,Cleveland Indians,35,25,0,0.5833333333333334,0.65,4.133333333333334,0.6889293519837637,0.9833333333333333,0.4166666666666667,3.29,1.1138059701492538
2020,CHN,Chicago Cubs,34,26,0,0.5666666666666667,0.4166666666666667,4.416666666666667,0.7046732487691556,1.2333333333333334,0.4,3.99,1.2212218649517683
2020,NYA,New York Yankees,33,27,0,0.55,0.75,5.25,0.7886376246478981,1.5666666666666667,0.45,4.35,1.244340878828229
2020,TOR,Toronto Blue Jays,32,28,0,0.5333333333333333,-0.16666666666666666,5.033333333333333,0.7655296681414181,1.4666666666666666,0.55,4.6,1.4618805590851336
2020,SLN,St. Louis Cardinals,30,28,0,0.5172413793103449,0.1896551724137931,4.137931034482759,0.6940354734882113,0.8793103448275862,0.3103448275862069,3.9,1.2262156448202959
2020,CIN,Cincinnati Reds,31,29,0,0.5166666666666667,0.0,4.05,0.7149399444365098,1.5,0.4666666666666667,3.84,1.2182539682539681
2020,MIA,Miami Marlins,31,29,0,0.5166666666666667,-0.6833333333333333,4.383333333333334,0.7030146425495263,1.0,0.85,4.86,1.4523809523809523
2020,HOU,Houston Astros,29,31,0,0.48333333333333334,0.06666666666666667,4.65,0.7197926842505156,1.15,0.36666666666666664,4.31,1.3148854961832062
2020,MIL,Milwaukee Brewers,29,31,0,0.48333333333333334,-0.2833333333333333,4.116666666666666,0.7024202310155535,1.25,0.25,4.16,1.2274484536082473
2021,SFN,San Francisco Giants,107,55,0,0.6604938271604939,1.2962962962962963,4.962962962962963,0.769134742873167,1.4876543209876543,0.4074074074074074,3.24,1.147766323024055
2021,LAN,Los Angeles Dodgers,106,56,0,0.654320987654321,1.6604938271604939,5.1234567901234565,0.7588063951612438,1.462962962962963,0.4012345679012346,3.01,1.0971074380165289
2021,TBA,Tampa Bay Rays,100,62,0,0.6172839506172839,1.271604938271605,5.290123456790123,0.7501012483269773,1.3703703703703705,0.5432098765432098,3.67,1.1678497824593541
2021,HOU,Houston Astros,95,67,0,0.5864197530864198,1.2654320987654322,5.327160493827161,0.7834969155028864,1.3641975308641976,0.3271604938271605,3.78,1.231833910034602
2021,MIL,Milwaukee Brewers,95,67,0,0.5864197530864198,0.7098765432098766,4.555555555555555,0.7132020561611137,1.1975308641975309,0.5061728395061729,3.5,1.1789693593314763
2021,CHA,Chicago White Sox,93,69,0,0.5740740740740741,0.9876543209876543,4.91358024691358,0.758389873894987,1.1728395061728396,0.35185185185185186,3.73,1.2042755344418052
2021,BOS,Boston Red Sox,92,70,0,0.5679012345679012,0.49382716049382713,5.117283950617284,0.7774314992501739,1.3518518518518519,0.24691358024691357,4.26,1.3777307963354475
2021,NYA,New York Yankees,92,70,0,0.5679012345679012,0.25925925925925924,4.388888888888889,0.7292328371013947,1.3703703703703705,0.3888888888888889,3.74,1.2087784486762658
2021,SLN,St. Louis Cardinals,90,72,0,0.5555555555555556,0.20987654320987653,4.3580246913580245,0.7248194688873941,1.2222222222222223,0.5493827160493827,3.98,1.2999294283697953
2021,ATL,Atlanta Braves,88,73,1,0.546583850931677,0.8322981366459627,4.906832298136646,0.7543468405020983,1.484472049689441,0.36645962732919257,3.88,1.2426748582230622
2022,LAN,Los Angeles Dodgers,111,51,0,0.6851851851851852,2.0617283950617282,5.228395061728395,0.775116738640081,1.308641975308642,0.6049382716049383,2.8,1.048001837390905
2022,HOU,Houston Astros,106,56,1,0.654320987654321,1.3518518518518519,4.549382716049383,0.7433468367976428,1.3209876543209877,0.5123456790123457,2.9,1.0924815498154983
2022,ATL,Atlanta Braves,101,61,0,0.6234567901234568,1.1111111111111112,4.87037037037037,0.7608381721808528,1.5,0.5370370370370371,3.46,1.1906077348066297
2022,NYN,New York Mets,101,61,0,0.6234567901234568,1.0246913580246915,4.765432098765432,0.7440024721180045,1.0555555555555556,0.38271604938271603,3.57,1.1830398517145504
2022,NYA,New York Yankees,99,63,0,0.6111111111111112,1.4814814814814814,4.981481481481482,0.7509461336437264,1.5679012345679013,0.6296296296296297,3.3,1.1166475315729048
2022,SLN,St. Louis Cardinals,93,69,0,0.5740740740740741,0.8333333333333334,4.765432098765432,0.7453916704841408,1.2160493827160495,0.5864197530864198,3.79,1.270489900162526
2022,CLE,Cleveland Guardians,92,70,0,0.5679012345679012,0.3950617283950617,4.308641975308642,0.6985839957824518,0.7839506172839507,0.7345679012345679,3.46,1.1586538461538463
2022,TOR,Toronto Blue Jays,92,70,0,0.5679012345679012,0.5925925925925926,4.783950617283951,0.7598098895027058,1.2345679012345678,0.41358024691358025,3.87,1.234967622571693
2022,SEA,Seattle Mariners,90,72,0,0.5555555555555556,0.41358024691358025,4.2592592592592595,0.7042415100089519,1.2160493827160495,0.5123456790123457,3.59,1.1914305459571528
2022,SDN,San Diego Padres,89,73,0,0.5493827160493827,0.2777777777777778,4.351851851851852,0.6995689115556242,0.9444444444444444,0.30246913580246915,3.81,1.1993071593533489
2022,PHI,Philadelphia Phillies,87,75,0,0.5370370370370371,0.38271604938271603,4.611111111111111,0.7387643911762096,1.2654320987654322,0.6481481481481481,3.97,1.2553092182030339
2022,TBA,Tampa Bay Rays,86,76,0,0.5308641975308642,0.32098765432098764,4.111111111111111,0.6856249076127126,0.8580246913580247,0.5864197530864198,3.41,1.1451126073833293
2023,ATL,Atlanta Braves,104,58,0,0.6419753086419753,1.4259259259259258,5.845679012345679,0.8447591662753107,1.8950617283950617,0.8148148148148148,4.14,1.3020833333333333
2023,BAL,Baltimore Orioles,101,61,0,0.6234567901234568,0.7962962962962963,4.981481481481482,0.7416364293076879,1.1296296296296295,0.7037037037037037,3.89,1.243063517541848
2023,LAN,Los Angeles Dodgers,100,62,0,0.6172839506172839,1.2777777777777777,5.592592592592593,0.794983370142218,1.537037037037037,0.6481481481481481,4.06,1.2016593685180919
2023,TBA,Tampa Bay Rays,99,63,0,0.6111111111111112,1.2037037037037037,5.308641975308642,0.7763671039921398,1.4197530864197532,0.9876543209876543,3.86,1.1768377253814146
2023,MIL,Milwaukee Brewers,92,70,0,0.5679012345679012,0.5,4.493827160493828,0.7043019127505413,1.0185185185185186,0.7962962962962963,3.71,1.1857241857241858
2023,HOU,Houston Astros,90,72,0,0.5555555555555556,0.7962962962962963,5.104938271604938,0.7678732461314313,1.3703703703703705,0.6604938271604939,3.94,1.279289667896679
2023,PHI,Philadelphia Phillies,90,72,0,0.5555555555555556,0.5,4.91358024691358,0.7649148149835658,1.3580246913580247,0.8703703703703703,4.03,1.2396579616362375
2023,TEX,Texas Rangers,90,72,1,0.5555555555555556,1.0185185185185186,5.438271604938271,0.7895146745996655,1.4382716049382716,0.4876543209876543,4.28,1.2678115572058484
2023,TOR,Toronto Blue Jays,89,73,0,0.5493827160493827,0.46296296296296297,4.604938271604938,0.7452424718953248,1.1604938271604939,0.6111111111111112,3.78,1.2495981630309987
2023,MIN,Minnesota Twins,87,75,0,0.5370370370370371,0.7345679012345679,4.802469135802469,0.7533436749151892,1.4382716049382716,0.5308641975308642,3.87,1.1968305006890216
2023,ARI,Arizona Diamondbacks,84,78,0,0.5185185185185185,-0.09259259259259259,4.604938271604938,0.7298679415337592,1.0246913580246915,1.0246913580246915,4.48,1.3237343241987924
2023,MIA,Miami Marlins,84,78,0,0.5185185185185185,-0.35185185185185186,4.111111111111111,0.7211419634770935,1.0246913580246915,0.5308641975308642,4.21,1.2916860195076638
2024,LAN,Los Angeles Dodgers,98,64,1,0.6049382716049383,0.9629629629629629,5.197530864197531,0.7812255328160612,1.4382716049382716,0.8395061728395061,3.92,1.2271155176389208
2024,PHI,Philadelphia Phillies,95,67,0,0.5864197530864198,0.6975308641975309,4.839506172839506,0.7497980148670225,1.2222222222222223,0.9135802469135802,3.86,1.2359057301293899
2024,NYA,New York Yankees,94,68,0,0.5802469135802469,0.9074074074074074,5.030864197530864,0.7614754909759417,1.462962962962963,0.5432098765432098,3.76,1.2425424506654428
2024,MIL,Milwaukee Brewers,93,69,0,0.5740740740740741,0.8395061728395061,4.796296296296297,0.7285419216646267,1.0925925925925926,1.3395061728395061,3.65,1.2330567081604427
2024,SDN,San Diego Padres,93,69,0,0.5740740740740741,0.5617283950617284,4.691358024691358,0.7445079706761102,1.1728395061728396,0.7407407407407407,3.86,1.221398795738768
2024,CLE,Cleveland Guardians,92,69,0,0.5714285714285714,0.5403726708074534,4.39751552795031,0.7027758167346176,1.1490683229813665,0.9192546583850931,3.61,1.2016806722689075
2024,BAL,Baltimore Orioles,91,71,0,0.5617283950617284,0.5370370370370371,4.851851851851852,0.7507514957144487,1.4506172839506173,0.6049382716049383,3.94,1.2371705963938973
2024,ATL,Atlanta Braves,89,73,0,0.5493827160493827,0.5987654320987654,4.345679012345679,0.7244880226333587,1.3148148148148149,0.42592592592592593,3.49,1.1958429561200925
2024,NYN,New York Mets,89,73,0,0.5493827160493827,0.4382716049382716,4.7407407407407405,0.7341467458386337,1.2777777777777777,0.654320987654321,3.96,1.2604575918650336
2024,HOU,Houston Astros,88,73,0,0.546583850931677,0.5652173913043478,4.596273291925466,0.7407236182515751,1.1801242236024845,0.577639751552795,3.75,1.244413407821229
2024,DET,Detroit Tigers,86,76,0,0.5308641975308642,0.24691358024691357,4.209876543209877,0.6849536415872628,1.0,0.4691358024691358,3.63,1.1617138908085693
2024,KCA,Kansas City Royals,86,76,0,0.5308641975308642,0.5617283950617284,4.537037037037037,0.7096769038248762,1.0493827160493827,0.8271604938271605,3.76,1.2429971988795518
